{"cameraMode":{"drawMode":0,"name":"Shaded","section":"Shading Mode"},"sceneLighting":false,"audioPlay":false,"sceneViewState":{"showFog":true,"showMaterialUpdate":false,"showSkybox":true,"showFlares":true,"showImageEffects":true,"showParticleSystems":true},"in2DMode":false,"pivot":{"x":8.106443405151368,"y":2.745737075805664,"z":1.0265165567398072},"rotation":{"x":-0.19210466742515565,"y":0.27180954813957217,"z":-0.055469121783971789,"w":-0.9413493275642395},"size":2.872206926345825,"orthographic":false}