{"cameraMode":{"drawMode":0,"name":"Shaded","section":"Shading Mode"},"sceneLighting":true,"audioPlay":false,"sceneViewState":{"showFog":true,"showMaterialUpdate":false,"showSkybox":true,"showFlares":true,"showImageEffects":true,"showParticleSystems":true},"in2DMode":false,"pivot":{"x":6.983870029449463,"y":2.9610755443573,"z":12.014936447143555},"rotation":{"x":-0.06354361027479172,"y":0.6685624718666077,"z":-0.05751016363501549,"w":-0.7387009263038635},"size":-2.0629608631134035,"orthographic":false}