{"cameraMode":{"drawMode":0,"name":"Shaded","section":"Shading Mode"},"sceneLighting":false,"audioPlay":false,"sceneViewState":{"showFog":true,"showMaterialUpdate":false,"showSkybox":true,"showFlares":true,"showImageEffects":true,"showParticleSystems":true},"in2DMode":false,"pivot":{"x":7.33897066116333,"y":3.034543991088867,"z":12.774415016174317},"rotation":{"x":-0.0516742505133152,"y":0.3759911060333252,"z":-0.021005619317293168,"w":-0.9249428510665894},"size":1.2370392084121705,"orthographic":false}